[
   
    {
        
        "name" : "Applle Watch Series 7",
        "price" : "5999.00",
        "imgsrc" : "./images/products/watch/Apple1.jpeg"
        

    },

    {
        "id" : "06",
        "name" : "Jbl Marsal Mt5",
        "price" : "3499.00",
        "imgsrc" : "./images/products/headphone/headphone4.jpeg",
        "category" : "Headphone"

    },

    {
        "id" : "08",
        "name" : "sony MT46g",
        "price" : "5999.00",
        "imgsrc" : "./images/products/headphone/headphone6.jpeg",
        "category" : "Headphone"

    },

 
    {
        "id" : "010",
        "name" : "Sony MDR-XB450AP",
        "price" : "2199.00",
        "imgsrc" : "./images/products/headphone/headphone8.jpeg",
        "category" : "Headphone"

    },

    {
        "id" : "012",
        "name" : "Gionee EBTHP2 Wireless",
        "price" : "1099.00",
        "imgsrc" : "./images/products/headphone/headphone10.jpeg",
        "category" : "Headphone"

    },


    {
        "id" : "015",
        "name" : "iphone 11 pro",
        "price" : "33787.00",
        "imgsrc" : "./images/products/iPhone/iphone1.png",
        "category" : "Mobile"

    },

    {
        "id" : "015",
        "name" : "iphone X ",
        "price" : "27,997.00",
        "imgsrc" : "./images/products/iPhone/iphone3.png",
        "category" : "Mobile"

    },

    {
        "id" : "016",
        "name" : "iphone 11 mini",
        "price" : "34,997.00",
        "imgsrc" : "./images/products/iPhone/iphone5.png",
        "category" : "Mobile"

    }
]