
{
    "products": 
        {
  
            "MOBILE" : [
                            {
                                "id" : "0114",
                                "name" : "Samsung watch 4",
                                "price" : "3400.00",
                                "imgsrc" : "./images/products/sumsung/samsung2.png",
                                "category" : "Mobile"
                    
                            },

                            {
                                "id" : "015",
                                "name" : "iphone 11 pro",
                                "price" : "3300.00",
                                "imgsrc" : "./images/products/iPhone/iphone1.png",
                                "category" : "Mobile"

                            },

                            {
                                "id" : "014",
                                "name" : "iphone 11 max pro",
                                "price" : "7809.00",
                                "imgsrc" : "./images/products/iPhone/iphone2.png",
                                "category" : "Mobile"

                            },

                            {
                                "id" : "015",
                                "name" : "iphone X ",
                                "price" : "7890.00",
                                "imgsrc" : "./images/products/iPhone/iphone3.png",
                                "category" : "Mobile"

                            },

                            {
                                "id" : "016",
                                "name" : "iphone 11 mini",
                                "price" : "8900.00",
                                "imgsrc" : "./images/products/iPhone/iphone5.png",
                                "category" : "Mobile"

                            },    
                            {
                                "id" : "017",
                                "name" : "iphone 12 mini",
                                "price" : "699.00",
                                "imgsrc" : "./images/products/iPhone/iphone12.png",
                                "category" : "Mobile"

                            },

                            {
                                "id" : "018",
                                "name" : "iphone 13 max pro  ",
                                "price" : "1789.00",
                                "imgsrc" : "./images/products/iPhone/iphone13.png",
                                "category" : "Mobile"

                            }



                         ],
            
            "HEADPHONE": [


                            {
                                
                                "name" : "boAt Rockerz 400 Wireless",
                                "price" : "899.00",
                                "imgsrc" : "./images/products/headphone/headphone1.jpeg",
                                "category" : "Headphone"

                            },
                            {
                                "id" : "014",
                                "name" : "boAt Rockerz 555 ",
                                "price" : "1499.00",
                                "imgsrc" : "./images/products/headphone/headphone12.jpeg",
                                "category" : "Headphone"

                            },

                            {
                                "id" : "013",
                                "name" : "boAt Rockerz 554",
                                "price" : "1899.00",
                                "imgsrc" : "./images/products/headphone/headphone11.jpeg",
                                "category" : "Headphone"

                            },

                            {
                                "id" : "012",
                                "name" : "Gionee EBTHP2 Wireless",
                                "price" : "1099.00",
                                "imgsrc" : "./images/products/headphone/headphone10.jpeg",
                                "category" : "Headphone"

                            },

                            {
                                "id" : "04",
                                "name" : "boAt Rockerz 400 Wireless",
                                "price" : "799.00",
                                "imgsrc" : "./images/products/headphone/headphone2.jpeg",
                                "category" : "Headphone"

                            },
                            {
                                "id" : "05",
                                "name" : "boAt Rockerz 400 Wireless",
                                "price" : "999.00",
                                "imgsrc" : "./images/products/headphone/headphone3.jpeg",
                                "category" : "Headphone"

                            },

                            {
                                "id" : "06",
                                "name" : "Jbl Marsal Mt5",
                                "price" : "3499.00",
                                "imgsrc" : "./images/products/headphone/headphone4.jpeg",
                                "category" : "Headphone"

                            },

                            {
                                "id" : "07",
                                "name" : " sony MT46g",
                                "price" : "5999.00",
                                "imgsrc" : "./images/products/headphone/headphone5.jpeg",
                                "category" : "Headphone"

                            },

                            {
                                "id" : "08",
                                "name" : "sony MT46g",
                                "price" : "5999.00",
                                "imgsrc" : "./images/products/headphone/headphone6.jpeg",
                                "category" : "Headphone"

                            },
                            {
                                "id" : "09",
                                "name" : "sony g6",
                                "price" : "2899.00",
                                "imgsrc" : "./images/products/headphone/headphone7.jpeg",
                                "category" : "Headphone"

                            },
                            {
                                "id" : "010",
                                "name" : "Sony MDR-XB450AP",
                                "price" : "2199.00",
                                "imgsrc" : "./images/products/headphone/headphone8.jpeg",
                                "category" : "Headphone"

                            },
                            {
                                "id" : "011",
                                "name" : "Sony MDR-XB450AP",
                                "price" : "2299.00",
                                "imgsrc" : "./images/products/headphone/headphone9.jpeg",
                                "category" : "Headphone"

                            }
                         ],

                "WATCH": [
                            
                            {
                                "id" : "0111",
                                "name" : "Applle Watch Series 7",
                                "price" : "590",
                                "imgsrc" : "./images/products/watch/Apple1.jpeg",
                                "category" : "Watch"

                            }
                        ]
        }
 
}
   


  





